{
  "total_input_tokens": 2168599,
  "total_output_tokens": 188064,
  "total_cost": 16.000521,
  "stage_costs": {
    "fetch_web": 0.12198600000000001,
    "decomposer": 0.26154,
    "investigator-1": 0.033069,
    "investigator-2": 0.028179000000000003,
    "investigator-3": 0.030588,
    "investigator-4": 0.030021,
    "investigator-5": 0.025332,
    "investigator-6": 0.03135,
    "investigator-7": 0.029922,
    "investigator-8": 0.008841000000000002,
    "investigator-9": 0.008865000000000001,
    "investigator-10": 0.008016,
    "investigator-11": 0.007335,
    "verifier-1": 0.8320830000000001,
    "verifier-2": 0.522483,
    "verifier-3": 0.30981299999999995,
    "verifier-4": 0.521139,
    "verifier-5": 0.8454360000000001,
    "verifier-6": 0.504282,
    "verifier-7": 0.6652049999999999,
    "verifier-8": 0.624534,
    "verifier-9": 0.538872,
    "verifier-10": 0.6010469999999999,
    "quantifier-1": 0.30621000000000004,
    "quantifier-2": 0.22735499999999997,
    "quantifier-3": 0.281265,
    "quantifier-4": 0.22461000000000003,
    "quantifier-5": 0.265275,
    "quantifier-6": 0.15957,
    "quantifier-7": 0.19751999999999997,
    "quantifier-8": 0.2754,
    "quantifier-9": 0.14928,
    "quantifier-10": 0.283845,
    "quantifier-11": 0.20221499999999998,
    "quantifier-12": 0.20117999999999997,
    "quantifier-13": 0.22401,
    "quantifier-14": 0.382155,
    "quantifier-15": 0.232485,
    "quantifier-16": 0.276285,
    "quantifier-17": 0.18612,
    "quantifier-18": 0.25113,
    "quantifier-19": 0.26085,
    "quantifier-20": 0.27924,
    "quantifier-21": 0.223995,
    "quantifier-22": 0.18045,
    "quantifier-23": 0.293505,
    "quantifier-24": 0.30399,
    "quantifier-25": 0.227085,
    "quantifier-26": 0.480105,
    "quantifier-27": 0.298515,
    "quantifier-28": 0.229155,
    "quantifier-29": 0.19055999999999998,
    "quantifier-30": 0.22335,
    "advocate-1": 0.022971,
    "challenger-1": 0.022938,
    "advocate-2": 0.020436,
    "challenger-2": 0.022143,
    "advocate-3": 0.018711,
    "challenger-3": 0.019089000000000002,
    "advocate-4": 0.020936999999999997,
    "challenger-4": 0.023367000000000002,
    "advocate-5": 0.02214,
    "challenger-5": 0.023469,
    "advocate-6": 0.022476000000000003,
    "challenger-6": 0.023973,
    "advocate-7": 0.018576,
    "challenger-7": 0.019644000000000002,
    "advocate-8": 0.019578,
    "challenger-8": 0.021999,
    "advocate-9": 0.021879,
    "challenger-9": 0.022071,
    "advocate-10": 0.016638,
    "challenger-10": 0.017811,
    "advocate-11": 0.021396,
    "challenger-11": 0.022751999999999998,
    "advocate-12": 0.026247,
    "challenger-12": 0.031197,
    "advocate-13": 0.022776,
    "challenger-13": 0.025016999999999998,
    "advocate-14": 0.017849999999999998,
    "challenger-14": 0.021134999999999998,
    "advocate-15": 0.019101,
    "challenger-15": 0.019779,
    "advocate-16": 0.022551,
    "challenger-16": 0.022353,
    "advocate-17": 0.021657000000000003,
    "challenger-17": 0.023357999999999997,
    "advocate-18": 0.021636000000000002,
    "challenger-18": 0.023129999999999998,
    "advocate-19": 0.027504,
    "challenger-19": 0.029196,
    "advocate-20": 0.021129,
    "challenger-20": 0.023478,
    "advocate-21": 0.024267,
    "challenger-21": 0.024117,
    "advocate-22": 0.021504,
    "challenger-22": 0.023055,
    "advocate-23": 0.022335000000000004,
    "challenger-23": 0.024009000000000003,
    "advocate-24": 0.019494,
    "challenger-24": 0.02199,
    "advocate-25": 0.021486,
    "challenger-25": 0.023058,
    "advocate-26": 0.022614,
    "challenger-26": 0.023520000000000003,
    "advocate-27": 0.019686000000000002,
    "challenger-27": 0.020823,
    "advocate-28": 0.018849,
    "challenger-28": 0.020651999999999997,
    "advocate-29": 0.023106,
    "challenger-29": 0.025335000000000003,
    "advocate-30": 0.022131,
    "challenger-30": 0.023799,
    "synthesizer": 0.563955
  }
}