{
  "total_input_tokens": 6762997,
  "total_output_tokens": 216839,
  "total_cost": 30.005507999999995,
  "stage_costs": {
    "fetch_web": 0.112266,
    "decomposer": 0.241545,
    "investigator-1": 0.027666,
    "investigator-2": 0.037347,
    "investigator-3": 0.026649,
    "investigator-4": 0.031665,
    "investigator-5": 0.025707,
    "investigator-6": 0.027125999999999997,
    "investigator-7": 0.030087000000000003,
    "verifier-1": 0.681546,
    "verifier-2": 0.733191,
    "verifier-3": 0.626328,
    "verifier-4": 0.800154,
    "verifier-5": 1.096647,
    "verifier-6": 1.045161,
    "verifier-7": 0.519645,
    "verifier-8": 0.6713279999999999,
    "verifier-9": 0.883539,
    "verifier-10": 0.531978,
    "verifier-11": 0.6858900000000001,
    "verifier-12": 0.522438,
    "verifier-13": 0.6481469999999999,
    "verifier-14": 0.475461,
    "verifier-15": 0.57885,
    "verifier-16": 0.7530749999999999,
    "verifier-17": 0.668208,
    "verifier-18": 0.718497,
    "verifier-19": 0.490977,
    "verifier-20": 0.74424,
    "verifier-21": 0.812517,
    "verifier-22": 0.499644,
    "verifier-23": 0.45854700000000004,
    "verifier-24": 0.6818970000000001,
    "verifier-25": 0.454473,
    "verifier-26": 0.472764,
    "verifier-27": 0.597471,
    "verifier-28": 0.644448,
    "verifier-29": 0.511818,
    "verifier-30": 0.74307,
    "verifier-31": 0.543729,
    "quantifier-1": 0.24822,
    "quantifier-2": 0.22141499999999997,
    "quantifier-3": 0.407235,
    "quantifier-4": 0.238965,
    "quantifier-5": 0.19654499999999997,
    "quantifier-6": 0.211035,
    "quantifier-7": 0.22108499999999998,
    "quantifier-8": 0.239595,
    "quantifier-9": 0.21489,
    "quantifier-10": 0.29076,
    "quantifier-11": 0.289125,
    "quantifier-12": 0.192195,
    "quantifier-13": 0.22447499999999998,
    "quantifier-14": 0.22855499999999998,
    "quantifier-15": 0.280845,
    "quantifier-16": 0.24525,
    "quantifier-17": 0.24536999999999998,
    "quantifier-18": 0.24678,
    "quantifier-19": 0.269685,
    "quantifier-20": 0.282465,
    "quantifier-21": 0.24161999999999997,
    "quantifier-22": 0.25959,
    "quantifier-23": 0.24056999999999998,
    "quantifier-24": 0.23541,
    "quantifier-25": 0.177795,
    "quantifier-26": 0.25307999999999997,
    "quantifier-27": 0.24582,
    "quantifier-28": 0.18417,
    "quantifier-29": 0.17808000000000002,
    "quantifier-30": 0.270435,
    "advocate-1": 0.024639,
    "challenger-1": 0.026406,
    "advocate-2": 0.023847,
    "challenger-2": 0.027027,
    "advocate-3": 0.021183,
    "challenger-3": 0.022119,
    "advocate-4": 0.023504999999999998,
    "challenger-4": 0.025518000000000002,
    "advocate-5": 0.025476,
    "challenger-5": 0.027471,
    "advocate-6": 0.025758,
    "challenger-6": 0.025839,
    "advocate-7": 0.024252,
    "challenger-7": 0.028362,
    "advocate-8": 0.021734999999999997,
    "challenger-8": 0.022959,
    "advocate-9": 0.023726999999999998,
    "challenger-9": 0.024444,
    "advocate-10": 0.020259,
    "challenger-10": 0.024345000000000002,
    "advocate-11": 0.020646,
    "challenger-11": 0.023154,
    "advocate-12": 0.021555,
    "challenger-12": 0.026666999999999996,
    "advocate-13": 0.022218,
    "challenger-13": 0.024506999999999998,
    "advocate-14": 0.022722,
    "challenger-14": 0.023607,
    "advocate-16": 0.023457000000000002,
    "challenger-16": 0.02727,
    "advocate-17": 0.019124999999999996,
    "challenger-17": 0.024801000000000004,
    "advocate-19": 0.021213,
    "challenger-19": 0.023211000000000002,
    "advocate-20": 0.023393999999999998,
    "challenger-20": 0.025434,
    "advocate-21": 0.023265,
    "challenger-21": 0.023742,
    "advocate-22": 0.021633,
    "challenger-22": 0.023082,
    "advocate-23": 0.021168,
    "challenger-23": 0.023750999999999998,
    "advocate-24": 0.018165,
    "challenger-24": 0.020103,
    "advocate-25": 0.022716,
    "challenger-25": 0.024012,
    "advocate-26": 0.019623,
    "challenger-26": 0.024768,
    "advocate-27": 0.022910999999999997,
    "challenger-27": 0.025692,
    "advocate-28": 0.020040000000000002,
    "challenger-28": 0.02454,
    "advocate-29": 0.020991,
    "challenger-29": 0.022386,
    "advocate-30": 0.021288,
    "challenger-30": 0.025674000000000002,
    "synthesizer": 0.55731
  }
}