{
  "total_input_tokens": 276012,
  "total_output_tokens": 61450,
  "total_cost": 2.364606,
  "stage_costs": {
    "fetch_web": 0.30009600000000003,
    "advocate-1": 0.026411999999999998,
    "challenger-1": 0.028478999999999997,
    "advocate-2": 0.02253,
    "challenger-2": 0.024042,
    "advocate-3": 0.023925000000000002,
    "challenger-3": 0.023013,
    "advocate-4": 0.025401,
    "challenger-4": 0.025719,
    "advocate-5": 0.026799000000000003,
    "challenger-5": 0.027519000000000002,
    "advocate-6": 0.025671,
    "challenger-6": 0.02586,
    "advocate-7": 0.030702,
    "challenger-7": 0.03153,
    "advocate-8": 0.027930000000000003,
    "challenger-8": 0.028290000000000003,
    "advocate-9": 0.025439999999999997,
    "challenger-9": 0.026535,
    "advocate-10": 0.021927,
    "challenger-10": 0.022781999999999997,
    "advocate-11": 0.022821,
    "challenger-11": 0.021633,
    "advocate-12": 0.023298,
    "challenger-12": 0.023679,
    "advocate-13": 0.021051,
    "challenger-13": 0.020576999999999998,
    "advocate-14": 0.025311,
    "challenger-14": 0.026769,
    "advocate-16": 0.0249,
    "challenger-16": 0.025602,
    "advocate-17": 0.022413000000000002,
    "challenger-17": 0.024822,
    "advocate-20": 0.024117,
    "challenger-20": 0.026607000000000002,
    "advocate-21": 0.025518,
    "challenger-21": 0.026660999999999997,
    "advocate-22": 0.025629,
    "challenger-22": 0.027585,
    "advocate-23": 0.022850999999999996,
    "challenger-23": 0.024771,
    "advocate-24": 0.025713,
    "challenger-24": 0.025992,
    "advocate-25": 0.020649,
    "challenger-25": 0.019602,
    "advocate-26": 0.025626000000000003,
    "challenger-26": 0.027177000000000003,
    "advocate-27": 0.022704000000000002,
    "challenger-27": 0.022194000000000002,
    "advocate-28": 0.023883,
    "challenger-28": 0.024836999999999998,
    "advocate-30": 0.025281,
    "challenger-30": 0.025206,
    "synthesizer": 0.768525
  }
}