{
  "total_input_tokens": 67549,
  "total_output_tokens": 9104,
  "total_cost": 1.0986269999999998,
  "stage_costs": {
    "fetch_web": 0.149352,
    "synthesizer": 0.9492749999999999
  }
}