{
  "total_input_tokens": 410559,
  "total_output_tokens": 93987,
  "total_cost": 6.361613999999998,
  "stage_costs": {
    "fetch_web": 0.083121,
    "advocate-1": 0.025623,
    "challenger-1": 0.031701,
    "judge-1": 0.139065,
    "advocate-2": 0.026631000000000002,
    "challenger-2": 0.030849,
    "judge-2": 0.1281,
    "advocate-3": 0.023523000000000002,
    "challenger-3": 0.030296999999999998,
    "judge-3": 0.129645,
    "advocate-4": 0.026286,
    "challenger-4": 0.032205,
    "judge-4": 0.13563,
    "advocate-5": 0.025716,
    "challenger-5": 0.033477,
    "judge-5": 0.1293,
    "advocate-6": 0.028634999999999997,
    "challenger-6": 0.031856999999999996,
    "judge-6": 0.13116,
    "advocate-7": 0.02595,
    "challenger-7": 0.031280999999999996,
    "judge-7": 0.13002,
    "advocate-8": 0.025398,
    "challenger-8": 0.033114,
    "judge-8": 0.13672499999999999,
    "advocate-9": 0.026930999999999997,
    "challenger-9": 0.031157999999999998,
    "judge-9": 0.13794,
    "advocate-10": 0.023436000000000002,
    "challenger-10": 0.028359,
    "judge-10": 0.12768000000000002,
    "advocate-11": 0.026445,
    "challenger-11": 0.034218,
    "judge-11": 0.13263,
    "advocate-12": 0.026421,
    "challenger-12": 0.033996,
    "judge-12": 0.13986,
    "advocate-13": 0.025353,
    "challenger-13": 0.029220000000000003,
    "judge-13": 0.117525,
    "advocate-14": 0.019812,
    "challenger-14": 0.025347,
    "judge-14": 0.115785,
    "advocate-15": 0.025095,
    "challenger-15": 0.029151000000000003,
    "judge-15": 0.14112000000000002,
    "advocate-16": 0.025737000000000003,
    "challenger-16": 0.030003000000000002,
    "judge-16": 0.13524,
    "advocate-17": 0.025814999999999998,
    "challenger-17": 0.0309,
    "judge-17": 0.138045,
    "advocate-18": 0.026195999999999997,
    "challenger-18": 0.031506000000000006,
    "judge-18": 0.125685,
    "advocate-19": 0.027035999999999998,
    "challenger-19": 0.031707,
    "judge-19": 0.128025,
    "advocate-20": 0.025602,
    "challenger-20": 0.029769,
    "judge-20": 0.12951000000000001,
    "advocate-21": 0.022806,
    "challenger-21": 0.027483,
    "judge-21": 0.12027,
    "advocate-22": 0.0261,
    "challenger-22": 0.030129,
    "judge-22": 0.130605,
    "advocate-23": 0.025185,
    "challenger-23": 0.031191,
    "judge-23": 0.144375,
    "advocate-24": 0.025853999999999995,
    "challenger-24": 0.032292,
    "judge-24": 0.13672499999999999,
    "advocate-25": 0.025584,
    "challenger-25": 0.029106,
    "judge-25": 0.13278,
    "advocate-26": 0.021834,
    "challenger-26": 0.029121,
    "judge-26": 0.14410499999999998,
    "advocate-27": 0.025902,
    "challenger-27": 0.029544,
    "judge-27": 0.13333499999999998,
    "advocate-28": 0.02787,
    "challenger-28": 0.033,
    "judge-28": 0.13719,
    "linker": 0.053571,
    "synthesizer": 0.9420899999999999
  }
}