{
  "total_input_tokens": 2322187,
  "total_output_tokens": 144552,
  "total_cost": 15.265653000000002,
  "stage_costs": {
    "fetch_web": 0.10011300000000001,
    "decomposer": 0.21535500000000002,
    "investigator-1": 0.030137999999999998,
    "investigator-2": 0.027852000000000002,
    "investigator-3": 0.026115,
    "investigator-4": 0.030291,
    "investigator-5": 0.027612,
    "investigator-6": 0.03306,
    "verifier-1": 0.7603620000000001,
    "verifier-2": 0.510162,
    "verifier-3": 0.45717899999999995,
    "verifier-4": 0.693681,
    "verifier-5": 0.7954380000000001,
    "verifier-6": 0.500592,
    "verifier-7": 0.736512,
    "verifier-8": 0.6487320000000001,
    "verifier-9": 0.658125,
    "verifier-10": 0.514416,
    "quantifier-1": 0.17439,
    "quantifier-2": 0.16600499999999999,
    "quantifier-3": 0.190695,
    "quantifier-4": 0.36681,
    "quantifier-5": 0.18207,
    "quantifier-6": 0.22861499999999998,
    "quantifier-7": 0.15249000000000001,
    "quantifier-8": 0.22815000000000002,
    "quantifier-9": 0.156,
    "quantifier-10": 0.196035,
    "quantifier-11": 0.170565,
    "quantifier-12": 0.22998,
    "quantifier-13": 0.21057,
    "quantifier-14": 0.17756999999999998,
    "quantifier-15": 0.21699,
    "quantifier-16": 0.165525,
    "quantifier-17": 0.18819,
    "quantifier-18": 0.19732500000000003,
    "quantifier-19": 0.19866,
    "quantifier-20": 0.22431,
    "quantifier-21": 0.15634499999999998,
    "advocate-1": 0.026007,
    "challenger-1": 0.031998,
    "judge-1": 0.147615,
    "advocate-2": 0.022185000000000003,
    "challenger-2": 0.029667,
    "judge-2": 0.12531,
    "advocate-3": 0.022908,
    "challenger-3": 0.0294,
    "judge-3": 0.12439499999999998,
    "advocate-4": 0.024651,
    "challenger-4": 0.02964,
    "judge-4": 0.135345,
    "advocate-6": 0.02058,
    "challenger-6": 0.029265000000000003,
    "judge-6": 0.13011,
    "advocate-7": 0.021672,
    "challenger-7": 0.028158000000000002,
    "judge-7": 0.12411,
    "advocate-8": 0.022995,
    "challenger-8": 0.032310000000000005,
    "judge-8": 0.12732,
    "advocate-9": 0.023526000000000002,
    "challenger-9": 0.027830999999999998,
    "judge-9": 0.12849,
    "advocate-10": 0.023904,
    "challenger-10": 0.029505,
    "judge-10": 0.12306,
    "advocate-11": 0.024444,
    "challenger-11": 0.031905,
    "judge-11": 0.12336,
    "advocate-12": 0.023307,
    "challenger-12": 0.029420999999999996,
    "judge-12": 0.125985,
    "advocate-13": 0.023307,
    "challenger-13": 0.031443,
    "judge-13": 0.131445,
    "advocate-14": 0.021686999999999998,
    "challenger-14": 0.029262,
    "judge-14": 0.13235999999999998,
    "advocate-15": 0.024141000000000003,
    "challenger-15": 0.031014,
    "judge-15": 0.136875,
    "advocate-16": 0.021279,
    "challenger-16": 0.0306,
    "judge-16": 0.13646999999999998,
    "advocate-17": 0.02109,
    "challenger-17": 0.028946999999999997,
    "judge-17": 0.125175,
    "advocate-19": 0.023058,
    "challenger-19": 0.029466,
    "judge-19": 0.13044,
    "advocate-20": 0.022509,
    "challenger-20": 0.029565,
    "judge-20": 0.13056,
    "advocate-21": 0.022899000000000003,
    "challenger-21": 0.030789,
    "judge-21": 0.12816,
    "linker": 0.045423,
    "synthesizer": 0.8042849999999999
  }
}