{
  "total_input_tokens": 2790626,
  "total_output_tokens": 162361,
  "total_cost": 15.962648999999994,
  "stage_costs": {
    "fetch_web": 0.104895,
    "decomposer": 0.24555,
    "investigator-1": 0.030699,
    "investigator-2": 0.030312,
    "investigator-3": 0.029268000000000002,
    "investigator-4": 0.029232,
    "investigator-5": 0.030153,
    "investigator-6": 0.029244,
    "investigator-7": 0.023420999999999997,
    "verifier-1": 0.8005829999999999,
    "verifier-2": 0.685143,
    "verifier-3": 0.696588,
    "verifier-4": 0.705591,
    "verifier-5": 0.530088,
    "verifier-6": 0.690612,
    "verifier-7": 0.500127,
    "verifier-8": 0.6785220000000001,
    "verifier-9": 0.737493,
    "verifier-10": 0.781293,
    "verifier-11": 0.629742,
    "verifier-12": 0.5802120000000001,
    "quantifier-1": 0.27432,
    "quantifier-2": 0.2091,
    "quantifier-3": 0.309285,
    "quantifier-4": 0.23409000000000002,
    "quantifier-5": 0.173205,
    "quantifier-6": 0.219885,
    "quantifier-7": 0.22032,
    "quantifier-8": 0.171825,
    "quantifier-9": 0.17184000000000002,
    "quantifier-10": 0.161925,
    "quantifier-11": 0.168945,
    "quantifier-12": 0.224325,
    "quantifier-13": 0.19369499999999998,
    "quantifier-14": 0.21963,
    "quantifier-15": 0.2031,
    "quantifier-16": 0.184785,
    "quantifier-17": 0.166155,
    "quantifier-18": 0.12645,
    "quantifier-19": 0.20575500000000002,
    "quantifier-20": 0.187635,
    "quantifier-21": 0.139425,
    "quantifier-22": 0.18883499999999998,
    "quantifier-23": 0.14364,
    "quantifier-24": 0.15747,
    "quantifier-25": 0.233505,
    "quantifier-26": 0.20710499999999998,
    "quantifier-27": 0.22231499999999998,
    "quantifier-28": 0.156585,
    "quantifier-29": 0.22293,
    "advocate-1": 0.018123,
    "challenger-1": 0.017856,
    "advocate-2": 0.019398,
    "challenger-2": 0.02244,
    "advocate-4": 0.020793,
    "challenger-4": 0.026631,
    "advocate-5": 0.017931,
    "challenger-5": 0.01938,
    "advocate-6": 0.020502,
    "challenger-6": 0.018771,
    "advocate-7": 0.017783999999999998,
    "challenger-7": 0.018003,
    "advocate-8": 0.020361,
    "challenger-8": 0.022158000000000004,
    "advocate-9": 0.017826,
    "challenger-9": 0.019659,
    "advocate-10": 0.019905,
    "challenger-10": 0.020919,
    "advocate-11": 0.024117,
    "challenger-11": 0.025529999999999997,
    "advocate-12": 0.018525,
    "challenger-12": 0.019206,
    "advocate-13": 0.021792,
    "challenger-13": 0.025292999999999996,
    "advocate-14": 0.017955,
    "challenger-14": 0.021885,
    "advocate-15": 0.02382,
    "challenger-15": 0.02634,
    "advocate-16": 0.020346,
    "challenger-16": 0.022758,
    "advocate-17": 0.022398,
    "challenger-17": 0.024102,
    "advocate-18": 0.021441,
    "challenger-18": 0.022989000000000002,
    "advocate-19": 0.020892,
    "challenger-19": 0.024936,
    "advocate-20": 0.020445,
    "challenger-20": 0.023313,
    "advocate-21": 0.023061,
    "challenger-21": 0.026802,
    "advocate-22": 0.020781,
    "challenger-22": 0.022328999999999998,
    "advocate-23": 0.022653,
    "challenger-23": 0.022614000000000002,
    "advocate-24": 0.019833,
    "challenger-24": 0.02142,
    "advocate-25": 0.022203,
    "challenger-25": 0.023094,
    "advocate-26": 0.023244,
    "challenger-26": 0.023304,
    "advocate-27": 0.017664,
    "challenger-27": 0.019539,
    "advocate-28": 0.016761,
    "challenger-28": 0.019251,
    "advocate-29": 0.020781,
    "challenger-29": 0.023378999999999997,
    "synthesizer": 0.5005649999999999
  }
}